Unnamed: 0,Nanoparticle,Core Size (nm),Shape,Zeta Potential (mV),Surface Area (m²/g),Aggregation State,Dissolution Rate (mg/L),Zn²⁺ Ion Release (mg/L),Impurity Content (%),Surface Chemistry,Coating Type,Oxidative Potential,Exposure Dosage (µg/mL),Exposure Time (hrs),Cell Type,ROS Production,Membrane Damage (%),Apoptosis (%),Necrosis (%),IC50 Value (µg/mL),Cell Viability (%),Toxicity Class,SurfaceArea_to_CoreSize,Dosage_per_Time
0,12,20.0,11,-30.0,150.0,2,0.5,0.0,0.1,55,4,0,25.0,24,57,26.6,15,5.1,2.5,75,80.0,2,7.499999625000019,1.0416666232638907
1,12,50.0,11,-35.0,100.0,0,0.3,0.0,0.1,55,4,2,50.0,24,57,15.0,8,2.5,1.2,10,85.0,2,1.999999960000001,2.0833332465277814
2,12,20.0,11,-30.0,150.0,2,0.5,0.0,0.1,55,4,0,25.0,24,57,26.6,15,5.1,2.5,75,80.0,2,7.499999625000019,1.0416666232638907
3,12,50.0,11,-35.0,100.0,0,0.3,0.0,0.1,55,4,2,50.0,24,57,15.0,8,2.5,1.2,10,85.0,2,1.999999960000001,2.0833332465277814
4,12,15.0,11,-25.0,200.0,2,0.7,0.0,0.1,55,4,0,25.0,72,2,40.0,18,7.5,3.1,80,89.0,2,13.333332444444505,0.34722221739969145
5,12,15.0,11,-25.0,200.0,2,0.7,0.0,0.1,55,4,0,50.0,72,3,45.0,20,8.0,3.5,78,87.0,2,13.333332444444505,0.6944444347993829
6,12,20.0,11,-28.0,201.0,2,0.6,0.0,0.1,55,4,0,1000.0,24,27,50.0,22,9.2,4.3,74,80.0,2,10.049999497500025,41.666664930555626
7,12,40.0,11,-30.0,201.0,2,0.5,0.0,0.1,55,4,0,1000.0,24,27,55.0,25,10.5,5.0,70,78.0,2,5.024999874375004,41.666664930555626
8,12,20.0,11,-34.0,201.0,2,0.6,0.0,0.1,55,4,0,30.0,16,74,52.0,24,11.0,5.8,68,75.0,2,10.049999497500025,1.8749998828125072
9,12,7.0,11,-32.0,380.0,2,0.7,0.0,0.1,55,4,0,160.0,48,74,60.0,28,15.0,6.5,58,60.0,2,54.28570653061335,3.3333332638888904
10,12,20.0,11,-30.0,150.0,2,0.6,0.0,0.1,55,4,0,160.0,48,74,55.0,25,13.0,5.8,62,70.0,2,7.499999625000019,3.3333332638888904
11,12,7.0,11,-30.0,380.0,2,0.7,0.0,0.1,55,4,0,160.0,48,74,58.0,30,16.0,7.2,52,58.0,2,54.28570653061335,3.3333332638888904
12,12,20.0,11,-28.0,150.0,2,0.6,0.0,0.1,55,4,0,160.0,48,74,52.0,27,14.0,6.5,61,65.0,2,7.499999625000019,3.3333332638888904
13,12,50.0,11,-25.0,65.0,0,0.5,0.0,0.1,55,4,2,160.0,48,74,30.0,15,5.5,2.8,78,85.0,1,1.2999999740000006,3.3333332638888904
14,12,15.0,11,-14.37,100.0,2,0.7,0.0,0.1,55,4,0,15.0,24,69,62.0,32,18.0,8.5,28,55.0,2,6.666666222222252,0.6249999739583344
15,12,30.0,11,-63.31,100.0,2,0.6,0.0,0.1,55,4,2,15.0,24,69,50.0,25,12.5,6.0,35,65.0,2,3.3333332222222256,0.6249999739583344
16,12,43.0,11,-24.8,100.0,2,0.5,0.0,0.1,55,4,0,100.0,24,74,48.0,20,10.0,5.0,74,75.0,2,2.32558134126555,4.166666493055563
17,12,43.0,11,-24.8,100.0,2,0.5,0.0,0.1,55,4,0,200.0,24,74,52.0,25,12.5,6.0,68,65.0,2,2.32558134126555,8.333332986111126
18,12,15.0,11,-14.0,400.0,2,0.7,0.0,0.1,55,4,0,15.0,24,69,60.0,30,18.0,8.5,28,55.0,2,26.66666488888901,0.6249999739583344
19,12,30.0,11,-63.0,280.0,2,0.6,0.0,0.1,55,4,2,15.0,24,69,50.0,25,12.5,6.0,35,65.0,2,9.333333022222233,0.6249999739583344
20,12,60.0,11,-40.0,335.0,2,0.5,0.0,0.1,55,4,0,100.0,96,3,40.0,18,9.5,4.0,74,65.0,2,5.5833332402777796,1.0416666558159724
21,12,60.0,11,-40.0,335.0,2,0.5,0.0,0.1,55,4,0,100.0,96,104,25.0,12,5.0,2.5,3,70.0,1,5.5833332402777796,1.0416666558159724
22,12,60.0,11,-40.0,335.0,2,0.5,0.0,0.1,55,4,0,100.0,96,100,60.0,40,20.0,10.0,49,20.0,2,5.5833332402777796,1.0416666558159724
23,12,85.0,11,-30.0,250.0,2,0.5,0.0,0.1,1,4,1,100.0,72,26,0.0,0,0.0,0.0,81,100.0,1,2.9411764359861596,1.3888888695987658
24,12,16.0,11,-30.0,450.0,2,0.7,0.0,0.1,1,4,0,50.0,24,3,62.0,30,18.0,8.5,52,55.0,2,28.12499824218761,2.0833332465277814
25,12,60.0,11,-35.0,180.0,2,0.5,0.0,0.1,1,4,2,50.0,24,3,50.0,25,12.5,6.0,68,65.0,2,2.9999999500000007,2.0833332465277814
26,12,15.0,11,-32.56,400.0,2,0.7,0.0,0.1,1,4,0,10.0,24,74,50.0,30,15.0,6.5,62,70.0,2,26.66666488888901,0.41666664930555625
27,12,15.0,11,-32.56,400.0,2,0.7,0.0,0.1,1,4,0,10.0,24,67,52.0,32,16.0,7.0,61,65.0,2,26.66666488888901,0.41666664930555625
28,12,19.0,11,-35.0,500.0,2,0.8,0.0,0.1,1,4,4,100.0,24,74,70.0,35,40.9,15.0,39,50.0,2,26.31578808864273,4.166666493055563
29,12,43.0,11,-30.0,350.0,2,0.6,0.0,0.1,1,4,0,100.0,24,74,55.0,28,21.6,10.0,58,60.0,2,8.139534694429425,4.166666493055563
30,12,68.0,11,-28.0,280.0,2,0.5,0.0,0.1,1,4,2,100.0,24,74,40.0,20,11.8,6.0,68,70.0,2,4.1176469982698976,4.166666493055563
31,12,498.0,11,-25.0,50.0,0,0.3,0.0,0.1,1,4,1,100.0,24,74,10.0,8,4.2,2.0,78,85.0,1,0.10040160622409317,4.166666493055563
32,12,14.0,11,-38.0,450.0,2,0.8,0.0,0.1,25,4,0,75.0,24,140,60.0,33,35.0,12.5,49,55.0,2,32.14285484693894,3.124999869791672
33,12,18.0,11,-36.0,400.0,2,0.7,0.0,0.1,25,4,0,75.0,24,140,50.0,28,28.0,10.0,58,60.0,2,22.22222098765439,3.124999869791672
34,12,30.0,11,-35.0,350.0,2,0.6,0.0,0.1,25,4,2,75.0,24,140,40.0,20,18.0,8.0,62,70.0,2,11.666666277777791,3.124999869791672
35,12,90.0,11,-30.0,200.0,0,0.4,0.0,0.1,25,4,1,75.0,24,140,20.0,12,5.0,3.0,76,80.0,1,2.2222221975308645,3.124999869791672
36,10,50.0,11,-33.0,300.0,2,0.6,0.0,0.1,35,4,0,125.0,24,103,55.0,25,30.0,10.0,74,65.0,2,5.9999998800000025,5.208333116319453
37,10,100.0,11,-30.0,250.0,2,0.5,0.0,0.1,35,4,2,125.0,24,103,45.0,22,22.0,8.5,78,70.0,2,2.499999975,5.208333116319453
38,10,200.0,11,-28.0,180.0,2,0.4,0.0,0.1,35,4,1,125.0,24,103,30.0,15,12.0,5.0,3,80.0,1,0.8999999955,5.208333116319453
39,12,30.0,11,-36.0,380.0,2,0.7,0.0,0.1,52,4,0,500.0,24,161,58.0,30,24.0,9.5,58,60.0,2,12.666666244444459,20.833332465277813
40,12,80.0,11,-32.0,320.0,2,0.6,0.0,0.1,52,4,2,500.0,24,161,45.0,24,18.0,7.5,62,70.0,2,3.9999999500000007,20.833332465277813
41,12,400.0,11,-30.0,220.0,0,0.5,0.0,0.1,52,4,1,500.0,24,161,30.0,15,12.0,5.0,78,80.0,1,0.549999998625,20.833332465277813
42,12,15.0,11,-35.0,268.01,2,0.7,0.0,0.004,52,4,0,10.0,48,3,70.0,35,25.0,10.0,64,91.9,2,17.867332142177858,0.20833332899305565
43,12,15.0,11,-35.0,268.01,2,0.7,0.0,0.004,52,4,0,50.0,48,3,139.0,40,30.0,12.0,72,76.0,2,17.867332142177858,1.0416666449652783
44,12,15.0,11,-35.0,268.01,2,0.7,0.0,0.004,52,4,0,100.0,48,3,181.0,45,35.0,15.0,64,68.1,2,17.867332142177858,2.0833332899305566
45,12,12.0,11,-29.4,196.0,2,0.6,0.0,0.008,33,4,0,20.0,24,97,164.0,40,30.0,12.0,47,60.0,2,16.333331972222336,0.8333332986111125
46,12,12.0,11,-29.4,196.0,2,0.6,0.0,0.008,33,4,0,10.0,24,97,44.0,28,20.0,8.0,27,75.0,2,16.333331972222336,0.41666664930555625
47,12,20.0,11,-40.0,250.0,2,0.6,0.0,0.1,52,4,1,500.0,24,32,10.0,5,2.0,1.0,59,100.0,1,12.49999937500003,20.833332465277813
48,12,100.0,11,-40.0,90.0,2,0.6,0.0,0.1,52,4,1,500.0,24,32,8.0,4,1.5,0.8,59,100.0,1,0.8999999910000002,20.833332465277813
49,12,15.0,11,-32.0,200.0,2,0.7,0.0,0.1,52,4,2,300.0,24,170,50.0,30,20.0,8.0,61,80.0,2,13.333332444444505,12.499999479166688
50,12,55.0,11,-30.0,100.0,2,0.5,0.0,0.1,52,4,1,300.0,24,170,30.0,20,12.0,5.0,78,85.0,1,1.8181817851239677,12.499999479166688
51,12,10.0,11,-33.7,350.0,2,0.7,0.0,0.002,52,4,0,15.0,24,16,300.0,45,35.0,15.0,33,50.0,2,34.99999650000035,0.6249999739583344
52,12,20.0,11,-33.7,300.0,2,0.7,0.0,0.002,52,4,2,15.0,24,16,180.0,35,25.0,10.0,49,60.0,2,14.999999250000037,0.6249999739583344
53,12,5000.0,11,-44.1,50.0,0,0.3,0.0,0.002,52,4,1,15.0,24,16,50.0,10,5.0,2.0,3,85.0,1,0.009999999998,0.6249999739583344
54,12,25.0,11,-35.0,300.0,2,0.7,0.0,0.002,52,4,2,150.0,24,66,65.0,25,15.0,5.0,74,85.0,1,11.999999520000019,6.249999739583344
55,12,100.0,11,-32.0,120.0,2,0.6,0.0,0.002,52,4,1,150.0,24,66,40.0,15,10.0,3.0,3,90.0,1,1.199999988,6.249999739583344
56,12,20.0,11,-30.0,250.0,2,0.7,0.0,0.002,52,4,0,600.0,24,169,150.0,40,30.0,10.0,51,60.0,2,12.49999937500003,24.999998958333375
57,12,100.0,11,-28.0,120.0,2,0.6,0.0,0.002,52,4,2,600.0,24,169,90.0,25,15.0,5.0,56,75.0,1,1.199999988,24.999998958333375
58,0,15.0,11,-34.2,170.0,2,0.7,0.0,0.002,50,4,0,100.0,24,16,200.0,40,25.0,10.0,64,65.0,2,11.33333257777783,4.166666493055563
59,0,3670.0,11,-32.2,34.71,0,0.4,0.0,0.002,50,4,1,100.0,24,16,80.0,10,5.0,2.0,34,85.0,1,0.009457765664997885,4.166666493055563
60,12,20.0,11,-34.2,600.0,2,0.7,0.0,0.002,52,4,2,1000.0,48,62,113.4,30,20.0,8.0,70,70.0,2,29.999998500000075,20.833332899305567
61,12,20.0,11,-34.2,600.0,2,0.7,0.0,0.002,52,4,2,500.0,48,62,80.0,22,12.0,5.0,78,80.0,1,29.999998500000075,10.416666449652784
62,8,114.0,11,-6.52,67.0,2,0.6,0.0,0.002,54,20,1,25.0,1,63,10.0,5,2.0,1.0,50,95.0,1,0.5877192930901817,24.999975000025003
63,9,114.0,11,-9.77,58.0,2,0.5,0.0,0.002,0,21,1,100.0,1,63,12.0,7,3.0,1.5,45,92.0,1,0.5087719253616498,99.99990000010001
64,12,20.0,11,-8.5,250.0,2,0.7,0.0,0.002,52,4,0,1000.0,24,29,150.0,40,25.0,10.0,64,60.0,2,12.49999937500003,41.666664930555626
65,12,2000.0,5,-28.1,50.0,0,0.3,0.0,0.002,52,4,1,1000.0,24,29,50.0,10,5.0,2.0,59,85.0,1,0.024999999987499997,41.666664930555626
66,12,15.0,11,-28.1,300.0,2,0.7,0.0,0.002,52,4,0,50.0,24,164,300.0,50,40.0,15.0,2,50.0,2,19.999998666666755,2.0833332465277814
67,12,60.0,11,-30.6,250.0,2,0.6,0.0,0.002,52,4,2,50.0,24,16,150.0,40,25.0,10.0,15,65.0,2,4.166666597222224,2.0833332465277814
68,12,200.0,11,-31.8,150.0,0,0.3,0.0,0.002,52,4,1,50.0,24,129,50.0,15,5.0,2.0,20,85.0,1,0.74999999625,2.0833332465277814
69,12,20.0,11,-19.0,280.0,2,0.7,0.0,0.002,14,4,0,750000.0,336,30,150.0,30,20.0,8.0,69,65.0,2,13.999999300000034,2232.1428504995747
70,12,100.0,11,-40.0,120.0,2,0.6,0.0,0.002,14,4,2,750000.0,336,30,100.0,25,15.0,6.0,24,75.0,2,1.199999988,2232.1428504995747
71,12,15.0,11,-28.1,300.0,2,0.7,0.0,0.002,52,4,0,50.0,24,164,300.0,50,40.0,15.0,2,50.0,2,19.999998666666755,2.0833332465277814
72,12,60.0,11,-30.6,250.0,2,0.6,0.0,0.002,52,4,2,50.0,24,16,150.0,40,25.0,10.0,15,65.0,2,4.166666597222224,2.0833332465277814
73,12,200.0,11,-31.8,150.0,0,0.3,0.0,0.002,52,4,1,50.0,24,129,50.0,15,5.0,2.0,20,85.0,1,0.74999999625,2.0833332465277814
74,3,10.0,11,-20.5,220.0,2,0.8,0.0,0.002,29,4,0,100.0,24,16,180.0,40,30.0,10.0,43,4.0,2,21.999997800000223,4.166666493055563
75,3,10.0,11,-20.5,220.0,2,0.8,0.0,0.002,29,4,0,200.0,24,16,250.0,60,40.0,15.0,43,2.0,2,21.999997800000223,8.333332986111126
76,3,30.2,5,-54.4,180.0,2,0.8,0.0,0.002,37,4,0,100.0,24,110,175.0,45,30.0,12.0,55,60.0,2,5.960264703302493,4.166666493055563
77,3,44.2,11,-48.7,160.0,2,0.7,0.0,0.002,48,4,2,100.0,24,135,160.0,35,25.0,10.0,60,65.0,2,3.6199094203640403,4.166666493055563
78,3,55.2,5,-32.0,140.0,2,0.6,0.0,0.002,37,4,1,100.0,24,42,50.0,15,5.0,2.0,59,100.0,1,2.536231838111742,4.166666493055563
79,3,100.0,5,-45.6,150.0,2,0.8,0.0,0.002,51,4,0,500.0,24,160,220.0,50,0.0,100.0,34,5.0,0,1.499999985,20.833332465277813
80,3,100.0,5,-45.6,150.0,2,0.8,0.0,0.002,51,4,0,5000.0,24,160,300.0,80,0.0,100.0,3,0.0,0,1.499999985,208.33332465277812
81,3,100.0,5,-45.6,150.0,2,0.8,0.0,0.002,51,4,0,500.0,24,160,220.0,50,0.0,100.0,34,5.0,2,1.499999985,20.833332465277813
82,3,100.0,5,-45.6,150.0,2,0.8,0.0,0.002,51,4,0,5000.0,24,160,300.0,80,0.0,100.0,3,0.0,2,1.499999985,208.33332465277812
83,3,25.0,11,-30.4,200.0,2,0.9,0.0,0.002,13,4,0,250.0,24,85,180.0,50,35.0,15.0,39,45.0,2,7.999999680000013,10.416666232638907
84,3,50.0,11,-28.7,120.0,2,0.7,0.0,0.002,13,4,2,250.0,24,85,120.0,30,20.0,8.0,74,65.0,1,2.3999999520000013,10.416666232638907
85,3,228.0,11,-21.3,180.0,2,0.8,0.0,0.002,28,4,0,10.0,72,20,170.0,40,30.0,12.0,0,50.0,2,0.7894736807479225,0.13888888695987658
86,3,228.0,11,-21.3,180.0,2,0.8,0.0,0.002,28,4,0,10.0,72,36,120.0,30,20.0,8.0,67,60.0,2,0.7894736807479225,0.13888888695987658
87,3,228.0,11,-21.3,180.0,2,0.8,0.0,0.002,28,4,0,10.0,72,128,10.0,5,2.0,1.0,59,98.0,1,0.7894736807479225,0.13888888695987658
88,3,15.0,11,-25.2,250.0,2,0.9,0.0,0.002,27,4,0,200.0,24,158,190.0,42,28.0,10.0,19,50.0,2,16.666665555555632,8.333332986111126
89,3,15.0,11,-25.2,250.0,2,0.9,0.0,0.002,27,4,0,200.0,24,108,20.0,5,2.0,1.0,59,98.0,1,16.666665555555632,8.333332986111126
90,3,6.0,11,-22.8,320.0,2,0.9,0.0,0.002,46,23,0,200.0,48,96,180.0,50,40.0,15.0,15,50.0,2,53.33332444444592,4.166666579861113
91,3,6.0,11,-22.8,320.0,2,0.9,0.0,0.002,46,23,0,200.0,48,168,250.0,60,50.0,20.0,2,40.0,2,53.33332444444592,4.166666579861113
92,3,20.0,11,-24.8,280.0,2,0.85,0.0,0.002,12,3,0,150.0,48,51,210.0,55,42.0,18.0,9,45.0,2,13.999999300000034,3.124999934895835
93,3,20.0,11,-24.8,280.0,2,0.85,0.0,0.002,12,3,0,150.0,48,56,30.0,8,2.0,1.0,59,97.0,1,13.999999300000034,3.124999934895835
94,3,26.2,11,-28.4,300.0,2,0.9,0.0,0.002,45,22,0,10.0,24,127,175.0,40,30.0,12.0,5,55.0,2,11.450381242351861,0.41666664930555625
95,3,26.2,11,-28.4,300.0,2,0.9,0.0,0.002,45,22,0,10.0,24,144,20.0,5,2.0,1.0,59,98.0,1,11.450381242351861,0.41666664930555625
96,2,15.09,4,-30.2,260.0,2,0.85,0.0,0.002,8,4,0,125.0,24,133,210.0,55,42.0,18.0,8,45.0,2,17.229952469850733,5.208333116319453
97,11,13.68,8,-28.6,240.0,2,0.7,0.0,0.002,7,4,2,218.75,24,133,180.0,40,30.0,12.0,25,55.0,2,17.54385836667702,9.114582953559044
98,3,30.0,11,-34.6,270.0,2,0.85,0.0,0.002,47,24,0,100.0,24,16,220.0,55,42.0,18.0,36,45.0,2,8.999999700000009,4.166666493055563
99,3,30.0,11,-34.6,270.0,2,0.85,0.0,0.002,47,24,0,100.0,24,144,40.0,8,3.0,1.5,59,95.0,1,8.999999700000009,4.166666493055563
100,3,68.9,11,0.91,250.0,2,0.85,0.0,0.002,23,9,0,1.6,96,142,200.0,50,40.0,15.0,1,50.0,2,3.628446972010929,0.01666666649305556
101,3,68.9,11,0.91,250.0,2,0.85,0.0,0.002,23,9,0,1.6,96,143,20.0,5,2.0,1.0,59,95.0,1,3.628446972010929,0.01666666649305556
102,3,56.4,11,-11.0,272.0,2,0.9,0.0,0.002,53,4,0,100.0,24,16,240.0,60,45.0,20.0,32,40.0,2,4.822694949952218,4.166666493055563
103,3,56.4,11,-11.0,272.0,2,0.9,0.0,0.002,53,4,0,100.0,24,144,30.0,10,3.0,1.5,59,95.0,1,4.822694949952218,4.166666493055563
104,4,54.0,12,-18.7,265.0,2,0.8,0.0,0.002,19,4,0,100.0,48,111,230.0,58,45.0,19.0,13,50.0,2,4.907407316529494,2.0833332899305566
105,4,63.0,11,-20.4,250.0,2,0.75,0.0,0.002,44,4,2,100.0,48,111,180.0,45,35.0,15.0,29,55.0,2,3.968253905265811,2.0833332899305566
106,4,63.0,11,-20.5,270.0,2,0.85,0.0,0.002,20,4,0,100.0,48,111,220.0,55,42.0,18.0,13,45.0,2,4.285714217687076,2.0833332899305566
107,4,63.0,11,-20.5,270.0,2,0.85,0.0,0.002,20,4,0,100.0,48,171,30.0,5,2.0,1.0,59,95.0,1,4.285714217687076,2.0833332899305566
108,3,10.0,11,-25.3,320.0,2,0.9,0.0,0.002,53,4,0,3.38,28,83,220.0,55,42.0,18.0,38,45.0,2,31.99999680000032,0.12071428140306137
109,3,10.0,11,-25.3,320.0,2,0.9,0.0,0.002,53,4,0,3.38,28,84,30.0,10,3.0,1.5,59,95.0,1,31.99999680000032,0.12071428140306137
110,3,15.0,11,-25.1,320.0,2,0.9,0.0,0.002,10,4,0,25.0,24,14,250.0,65,50.0,20.0,32,45.0,2,21.333331911111205,1.0416666232638907
111,3,15.0,11,-25.1,320.0,2,0.9,0.0,0.002,10,4,0,25.0,24,15,20.0,8,3.0,1.5,59,98.0,1,21.333331911111205,1.0416666232638907
112,3,10.0,11,-25.3,320.0,2,0.9,0.0,0.002,53,4,0,100.0,12,151,220.0,55,42.0,18.0,3,45.0,2,31.99999680000032,8.333332638888947
113,3,100.0,11,-22.5,250.0,2,0.8,0.0,0.002,53,4,2,100.0,12,151,150.0,40,25.0,10.0,3,65.0,2,2.499999975,8.333332638888947
114,4,10.0,11,-24.8,320.0,2,0.9,0.0,0.002,21,4,0,40.0,24,80,250.0,60,45.0,20.0,26,50.0,2,31.99999680000032,1.666666597222225
115,4,10.0,11,-24.8,320.0,2,0.9,0.0,0.002,21,4,0,40.0,24,82,30.0,8,3.0,1.5,59,98.0,1,31.99999680000032,1.666666597222225
116,3,20.0,11,-47.1,1310.0,2,0.9,0.0,0.002,53,4,0,7.1,24,105,220.0,55,42.0,18.0,66,45.0,2,65.49999672500016,0.2958333210069449
117,3,20.0,11,-47.1,1310.0,2,0.9,0.0,0.002,53,4,0,7.1,24,145,30.0,8,3.0,1.5,59,98.0,1,65.49999672500016,0.2958333210069449
118,3,15.0,11,-25.1,320.0,2,0.9,0.0,0.002,9,4,0,3.0,24,34,250.0,65,50.0,20.0,37,45.0,2,21.333331911111205,0.12499999479166687
119,3,15.0,11,-25.1,320.0,2,0.9,0.0,0.002,9,4,0,3.0,24,115,20.0,8,3.0,1.5,3,98.0,1,21.333331911111205,0.12499999479166687
120,3,26.0,11,-72.0,22.0,2,0.52,0.0,0.002,3,1,0,10.0,24,65,250.0,65,50.0,20.0,2,45.0,2,0.8461538136094686,0.41666664930555625
121,3,20.0,11,-61.0,28.0,2,0.23,0.0,0.002,26,12,0,10.0,24,167,270.0,75,60.0,25.0,73,40.0,2,1.3999999300000034,0.41666664930555625
122,5,60.0,11,-30.5,316.0,2,0.9,0.0,0.002,42,4,0,11.88,24,117,250.0,60,50.0,20.0,4,45.0,2,5.2666665788888904,0.4949999793750009
123,5,60.0,11,-30.5,316.0,2,0.9,0.0,0.002,42,4,0,11.88,24,131,30.0,8,3.0,1.5,14,78.0,1,5.2666665788888904,0.4949999793750009
124,3,10.0,11,-25.3,320.0,2,0.9,0.0,0.002,15,4,0,10.0,24,147,250.0,65,50.0,20.0,2,45.0,2,31.99999680000032,0.41666664930555625
125,3,50.0,11,-20.1,150.0,2,0.8,0.0,0.002,15,4,2,10.0,24,148,30.0,8,3.0,1.5,3,98.0,1,2.9999999400000013,0.41666664930555625
126,3,10.0,11,-16.3,320.0,2,0.9,0.0,0.002,32,4,0,12.35,24,111,250.0,65,50.0,20.0,6,45.0,2,31.99999680000032,0.514583311892362
127,3,10.0,11,-16.3,320.0,2,0.9,0.0,0.002,32,4,0,12.35,24,112,20.0,8,3.0,1.5,59,98.0,1,31.99999680000032,0.514583311892362
128,3,10.0,11,-16.3,320.0,2,0.9,0.0,0.002,32,4,0,12.35,24,111,250.0,65,50.0,20.0,6,45.0,2,31.99999680000032,0.514583311892362
129,3,10.0,11,-16.3,320.0,2,0.9,0.0,0.002,32,4,0,12.35,24,112,20.0,8,3.0,1.5,59,98.0,1,31.99999680000032,0.514583311892362
130,3,100.0,11,-25.3,320.0,2,0.9,0.0,0.002,15,4,0,100.0,24,16,250.0,65,50.0,20.0,3,45.0,2,3.199999968,4.166666493055563
131,3,100.0,11,-25.3,320.0,2,0.9,0.0,0.002,15,4,0,100.0,24,145,20.0,8,3.0,1.5,59,98.0,1,3.199999968,4.166666493055563
132,1,15.22,11,-20.5,280.0,2,0.85,0.0,0.002,43,4,0,15.0,24,16,250.0,65,50.0,20.0,11,45.0,2,18.396845046199406,0.6249999739583344
133,1,15.22,11,-20.5,280.0,2,0.85,0.0,0.002,43,4,0,15.0,24,131,20.0,8,3.0,1.5,59,98.0,1,18.396845046199406,0.6249999739583344
134,3,24.1,11,-18.0,320.0,2,0.9,0.0,0.002,39,4,0,18.71,24,106,250.0,65,50.0,20.0,17,45.0,2,13.278007747800507,0.7795833008506958
135,3,24.1,11,-18.0,320.0,2,0.9,0.0,0.002,39,4,0,395.0,24,119,30.0,8,3.0,1.5,48,95.0,1,13.278007747800507,16.458332647569474
136,3,10.0,11,-25.3,320.0,2,0.9,0.0,0.002,53,4,0,10.0,24,107,250.0,65,50.0,20.0,2,45.0,2,31.99999680000032,0.41666664930555625
137,3,10.0,11,-25.3,320.0,2,0.9,0.0,0.002,53,4,0,10.0,24,134,230.0,60,45.0,25.0,2,48.0,2,31.99999680000032,0.41666664930555625
138,7,14.0,1,-30.5,316.0,2,0.9,0.0,0.002,22,4,0,750.0,48,16,250.0,65,50.0,20.0,71,41.0,2,22.57142695918379,15.624999674479174
139,7,14.0,1,-30.5,316.0,2,0.9,0.0,0.002,22,4,0,750.0,48,131,20.0,8,3.0,1.5,59,95.0,1,22.57142695918379,15.624999674479174
140,7,50.0,11,-30.2,316.0,2,0.9,0.0,0.002,17,4,0,37.9,24,176,250.0,60,50.0,20.0,44,40.0,2,6.319999873600003,1.5791666008680583
141,7,50.0,11,-30.2,316.0,2,0.9,0.0,0.002,17,4,0,37.9,24,131,20.0,8,3.0,1.5,59,98.0,1,6.319999873600003,1.5791666008680583
142,7,211.0,11,-14.0,320.0,2,0.9,0.0,0.002,30,4,0,24.14,24,156,250.0,65,50.0,20.0,31,45.0,2,1.5165876705374992,1.0058332914236128
143,7,211.0,11,-14.0,320.0,2,0.9,0.0,0.002,30,4,0,453.72,24,19,20.0,8,3.0,1.5,54,95.0,1,1.5165876705374992,18.9049992122917
144,7,100.0,11,63.2,200.0,2,0.8,0.0,0.002,41,19,0,18.68,24,80,220.0,55,42.0,18.0,16,45.0,2,1.9999999800000003,0.7783333009027791
145,7,100.0,11,63.2,200.0,2,0.8,0.0,0.002,41,19,0,395.0,24,119,30.0,8,3.0,1.5,48,95.0,1,1.9999999800000003,16.458332647569474
146,7,28.0,2,-25.4,320.0,2,0.9,0.0,0.002,5,4,0,93.6,24,25,250.0,65,50.0,20.0,79,45.0,2,11.428571020408178,3.8999998375000064
147,7,28.0,2,-25.4,320.0,2,0.9,0.0,0.002,5,4,0,230.0,24,131,20.0,8,3.0,1.5,30,95.0,1,11.428571020408178,9.583332934027794
148,7,50.0,11,-30.2,316.0,2,0.9,0.0,0.002,17,4,0,25.0,24,16,250.0,60,50.0,20.0,32,40.0,2,6.319999873600003,1.0416666232638907
149,7,50.0,11,-30.2,316.0,2,0.9,0.0,0.002,17,4,0,100.0,24,137,20.0,8,3.0,1.5,3,95.0,1,6.319999873600003,4.166666493055563
150,7,20.0,11,-30.5,316.0,2,0.9,0.0,0.002,17,4,0,25.0,24,99,250.0,65,50.0,20.0,32,45.0,2,15.799999210000038,1.0416666232638907
151,7,20.0,11,-30.5,316.0,2,0.9,0.0,0.002,17,4,0,100.0,24,132,20.0,8,3.0,1.5,3,95.0,1,15.799999210000038,4.166666493055563
152,7,22.0,11,-25.41,34.62,2,0.9,0.0,0.002,2,4,0,10.0,24,80,250.0,65,50.0,20.0,2,45.0,2,1.5736362921074412,0.41666664930555625
153,7,22.0,11,-25.41,34.62,2,0.9,0.0,0.002,2,4,0,10.0,24,81,30.0,8,3.0,1.5,59,98.0,1,1.5736362921074412,0.41666664930555625
154,7,20.0,11,-24.3,310.0,2,1.2,0.0,0.002,31,4,0,25.0,24,16,250.0,65,50.0,20.0,32,40.0,2,15.499999225000037,1.0416666232638907
155,7,20.0,11,-24.3,310.0,2,1.2,0.0,0.002,31,4,0,150.0,24,131,20.0,8,3.0,1.5,12,95.0,1,15.499999225000037,6.249999739583344
156,7,30.0,11,-22.3,280.0,2,1.2,0.0,0.002,2,4,0,40.0,24,60,280.0,75,60.0,25.0,49,38.0,2,9.333333022222233,1.666666597222225
157,7,30.0,11,-22.3,280.0,2,1.2,0.0,0.002,2,4,0,40.0,24,61,30.0,10,5.0,2.0,59,95.0,1,9.333333022222233,1.666666597222225
158,7,22.0,11,-25.4,34.62,2,1.2,0.0,0.002,2,4,0,25.0,24,80,250.0,75,60.0,25.0,32,40.0,2,1.5736362921074412,1.0416666232638907
159,7,22.0,11,-25.4,34.62,2,1.2,0.0,0.002,2,4,0,25.0,24,81,30.0,10,5.0,2.0,59,95.0,1,1.5736362921074412,1.0416666232638907
160,7,22.0,11,-25.4,34.62,2,1.2,0.0,0.002,2,4,0,382.0,12,86,250.0,65,50.0,20.0,46,50.0,2,1.5736362921074412,31.83333068055578
161,7,22.0,11,-25.4,34.62,2,1.2,0.0,0.002,2,4,0,382.0,12,88,30.0,8,3.0,1.5,59,95.0,1,1.5736362921074412,31.83333068055578
162,7,30.0,11,-22.3,280.0,2,1.2,0.0,0.002,2,4,0,20.0,24,70,260.0,70,55.0,25.0,19,42.0,2,9.333333022222233,0.8333332986111125
163,7,30.0,11,-22.3,280.0,2,1.2,0.0,0.002,2,4,0,20.0,24,71,30.0,10,5.0,2.0,59,98.0,1,9.333333022222233,0.8333332986111125
164,7,22.0,11,-25.4,34.62,2,1.2,0.0,0.002,2,4,0,10.0,24,70,250.0,65,50.0,20.0,2,40.0,2,1.5736362921074412,0.41666664930555625
165,7,22.0,11,-25.4,34.62,2,1.2,0.0,0.002,2,4,0,100.0,24,122,20.0,8,3.0,1.5,3,95.0,1,1.5736362921074412,4.166666493055563
166,7,50.0,11,-22.5,290.0,2,1.2,0.0,0.003,2,4,0,30.0,24,101,270.0,75,60.0,25.0,39,40.0,2,5.799999884000003,1.2499999479166688
167,7,50.0,11,-22.5,290.0,2,1.2,0.0,0.003,2,4,0,100.0,24,48,30.0,10,5.0,2.0,59,95.0,1,5.799999884000003,4.166666493055563
168,7,45.0,11,-23.4,312.0,2,1.3,0.0,0.004,34,4,0,20.0,24,86,240.0,70,55.0,22.0,19,42.0,2,6.933333179259263,0.8333332986111125
169,7,45.0,11,-23.4,312.0,2,1.3,0.0,0.004,34,4,0,80.0,24,87,25.0,10,4.0,1.8,53,96.0,1,6.933333179259263,3.33333319444445
170,7,50.0,0,-30.5,29.0,2,1.8,0.0,0.0015,18,4,0,65.5,48,54,300.0,85,70.0,30.0,63,40.0,2,0.5799999884000002,1.3645833049045146
171,7,50.0,0,-30.5,29.0,2,1.8,0.0,0.0015,18,4,3,10.0,48,55,50.0,8,5.0,2.0,59,95.0,1,0.5799999884000002,0.20833332899305565
172,7,18.0,11,-22.8,315.0,2,1.1,0.0,0.002,31,4,0,20.0,24,80,250.0,65,50.0,20.0,19,45.0,2,17.499999027777832,0.8333332986111125
173,7,18.0,11,-22.8,315.0,2,1.1,0.0,0.002,31,4,0,100.0,24,131,20.0,8,3.0,1.5,59,95.0,1,17.499999027777832,4.166666493055563
174,7,35.0,11,-38.0,20.0,2,5.0,0.0,0.1,6,10,0,175.0,72,174,60.0,25,2.2,26.9,12,50.0,2,0.5714285551020413,2.43055552179784
175,7,20.0,11,-30.0,25.0,2,2.1,0.0,0.05,49,4,0,15.0,24,13,60.0,30,5.0,15.0,11,50.0,2,1.249999937500003,0.6249999739583344
176,7,30.0,11,-35.0,22.0,2,5.0,0.0,0.08,16,11,3,10.0,48,174,60.0,20,3.0,10.0,19,60.0,2,0.7333333088888897,0.20833332899305565
177,7,25.0,11,-32.0,27.0,1,3.5,0.0,0.06,49,4,0,100.0,72,150,60.0,40,7.0,20.0,5,40.0,2,1.0799999568000016,1.3888888695987658
178,7,18.0,9,-28.0,30.0,2,1.5,0.0,0.02,16,4,0,5.0,12,46,60.0,35,6.0,18.0,2,45.0,2,1.6666665740740791,0.41666663194444736
179,7,14.0,11,-23.0,30.0,2,1.8,0.0,0.05,6,25,0,10.0,24,89,60.0,10,2.0,5.0,58,85.0,1,2.1428569897959293,0.41666664930555625
180,7,14.0,11,-23.0,30.0,2,1.8,0.0,0.05,6,25,0,25.0,24,17,60.0,35,20.0,15.0,32,50.0,2,2.1428569897959293,1.0416666232638907
181,7,14.0,11,-23.0,30.0,2,1.8,0.0,0.05,6,25,0,17.0,12,45,60.0,40,5.0,25.0,5,35.0,2,2.1428569897959293,1.416666548611121
182,7,14.0,11,-23.0,30.0,2,1.8,0.0,0.05,6,25,0,19.5,12,153,60.0,45,8.0,30.0,2,30.0,2,2.1428569897959293,1.6249998645833448
183,7,20.0,11,-33.0,35.0,2,2.5,0.0,0.05,49,4,0,20.0,24,8,60.0,40,20.0,15.0,19,50.0,2,1.7499999125000043,0.8333332986111125
184,7,20.0,11,-33.0,35.0,2,2.5,0.0,0.05,49,4,0,20.0,24,78,60.0,50,25.0,20.0,19,45.0,2,1.7499999125000043,0.8333332986111125
185,7,20.0,11,-33.0,35.0,2,2.5,0.0,0.05,49,4,0,20.0,24,146,60.0,55,30.0,25.0,19,40.0,2,1.7499999125000043,0.8333332986111125
186,7,20.0,11,-33.0,35.0,2,2.5,0.0,0.05,16,6,3,20.0,24,9,60.0,15,5.0,5.0,58,85.0,1,1.7499999125000043,0.8333332986111125
187,7,40.0,11,-20.0,15.0,2,2.8,0.0,0.05,49,4,0,1.0,16,78,60.0,5,2.0,3.0,73,95.0,1,0.3749999906250003,0.06249999609375024
188,7,40.0,11,-20.0,15.0,2,2.8,0.0,0.05,49,4,0,8.0,16,78,60.0,35,15.0,10.0,73,50.0,2,0.3749999906250003,0.4999999687500019
189,7,40.0,11,-20.0,15.0,2,2.8,0.0,0.05,49,4,4,20.0,16,78,60.0,60,30.0,25.0,73,20.0,2,0.3749999906250003,1.2499999218750049
190,7,40.0,11,-20.0,15.0,2,2.8,0.0,0.05,49,4,3,20.0,16,79,60.0,10,5.0,5.0,32,85.0,1,0.3749999906250003,1.2499999218750049
191,7,23.0,11,-25.0,100.0,2,3.2,0.0,0.05,49,4,0,5.0,24,11,60.0,20,10.0,5.0,2,81.0,2,4.347825897920613,0.20833332465277812
192,7,23.0,11,-25.0,100.0,2,3.2,0.0,0.05,49,4,0,10.0,24,11,60.0,35,20.0,15.0,2,56.0,2,4.347825897920613,0.41666664930555625
193,7,23.0,11,-25.0,100.0,2,3.2,0.0,0.05,49,4,4,15.0,24,11,60.0,50,30.0,25.0,2,31.0,2,4.347825897920613,0.6249999739583344
194,6,20.0,11,-6.0,100.0,2,3.0,0.0,0.05,49,4,0,201.0,72,173,60.0,20,10.0,5.0,21,50.0,2,4.999999750000012,2.791666627893519
195,6,20.0,11,-6.0,100.0,2,3.0,0.0,0.05,49,4,0,209.0,72,10,60.0,35,20.0,15.0,22,50.0,2,4.999999750000012,2.9027777374614203
196,6,20.0,11,-6.0,100.0,2,3.0,0.0,0.05,49,4,4,300.0,72,10,60.0,50,30.0,25.0,22,20.0,2,4.999999750000012,4.166666608796297
197,7,30.0,11,-25.0,100.0,2,8.4,0.0,0.05,49,4,0,15.0,24,11,60.0,35,20.0,15.0,11,50.0,2,3.3333332222222256,0.6249999739583344
198,7,30.0,11,-25.0,100.0,2,8.4,0.0,0.05,49,4,4,50.0,24,11,60.0,50,30.0,25.0,11,20.0,2,3.3333332222222256,2.0833332465277814
199,7,30.0,11,-25.0,100.0,2,8.4,0.0,0.05,49,4,3,50.0,24,12,60.0,10,5.0,5.0,58,80.0,1,3.3333332222222256,2.0833332465277814
200,7,30.0,11,-8.0,25.0,0,5.0,0.0,0.05,49,4,0,9.0,24,165,60.0,30,20.0,15.0,77,50.0,2,0.8333333055555564,0.37499998437500065
201,7,30.0,11,-8.0,25.0,0,5.0,0.0,0.05,49,4,0,8.0,24,126,60.0,40,30.0,20.0,73,50.0,2,0.8333333055555564,0.333333319444445
202,7,30.0,11,-8.0,25.0,0,5.0,0.0,0.05,49,4,3,7.0,24,125,60.0,30,15.0,10.0,65,50.0,2,0.8333333055555564,0.2916666545138894
203,7,30.0,11,-25.0,50.0,2,6.0,0.0,0.05,49,4,0,80.0,5,59,60.0,60,30.0,25.0,74,40.0,2,1.6666666111111128,15.99999680000064
204,7,30.0,11,-25.0,50.0,2,6.0,0.0,0.05,49,4,4,40.0,5,59,60.0,40,20.0,15.0,49,60.0,2,1.6666666111111128,7.99999840000032
205,7,30.0,11,-25.0,50.0,2,6.0,0.0,0.05,49,4,3,20.0,5,59,60.0,20,10.0,5.0,19,80.0,1,1.6666666111111128,3.99999920000016
206,7,80.0,11,-10.0,40.0,0,4.0,0.0,0.05,49,4,3,0.91,24,52,60.0,5,3.0,2.0,20,97.0,1,0.4999999937500001,0.03791666508680562
207,7,80.0,11,-10.0,40.0,0,4.0,0.0,0.05,49,4,0,0.91,24,75,60.0,20,15.0,10.0,12,80.0,2,0.4999999937500001,0.03791666508680562
208,7,80.0,11,-10.0,40.0,0,4.0,0.0,0.05,49,4,4,0.91,168,75,60.0,30,20.0,15.0,7,75.0,2,0.4999999937500001,0.005416666634424604
209,13,24.0,11,-30.0,55.0,2,10.0,7.0,0.05,49,4,0,100.0,24,40,60.0,50,30.0,20.0,32,40.0,2,2.2916665711805595,4.166666493055563
210,13,56.0,11,-28.0,45.0,2,7.0,5.0,0.05,49,4,3,50.0,24,40,60.0,35,20.0,10.0,58,60.0,2,0.8035714142219391,2.0833332465277814
211,13,87.0,11,-25.0,35.0,1,5.0,3.0,0.05,49,4,1,10.0,24,40,60.0,15,5.0,3.0,3,85.0,1,0.402298845950588,0.41666664930555625
212,13,40.0,3,-28.0,50.0,2,10.0,7.0,0.05,49,4,0,90.0,24,113,60.0,40,20.0,15.0,78,50.0,2,1.249999968750001,3.749999843750006
213,13,30.0,11,-25.0,45.0,2,7.0,5.0,0.05,49,4,0,15.0,24,37,60.0,50,30.0,20.0,11,50.0,2,1.4999999500000016,0.6249999739583344
214,13,30.0,11,-25.0,45.0,2,7.0,5.0,0.05,49,4,4,50.0,24,37,60.0,60,35.0,25.0,11,20.0,2,1.4999999500000016,2.0833332465277814
215,13,30.0,11,-25.0,45.0,2,7.0,5.0,0.05,49,4,3,50.0,24,38,60.0,10,5.0,5.0,58,80.0,1,1.4999999500000016,2.0833332465277814
216,13,20.0,11,3.0,60.0,2,10.0,7.0,0.05,4,5,3,10.0,3,33,60.0,5,3.0,2.0,20,90.0,1,2.999999850000007,3.3333322222225923
217,13,40.0,11,-5.0,55.0,2,15.0,10.0,0.05,49,4,0,100.0,72,44,60.0,50,30.0,20.0,32,23.0,2,1.374999965625001,1.3888888695987658
218,13,40.0,11,-5.0,55.0,2,15.0,10.0,0.05,49,4,0,50.0,72,44,60.0,35,20.0,10.0,58,62.0,2,1.374999965625001,0.6944444347993829
219,13,40.0,11,-5.0,55.0,2,15.0,10.0,0.05,49,4,3,10.0,72,44,60.0,10,5.0,3.0,3,80.0,1,1.374999965625001,0.13888888695987658
220,13,20.0,11,3.0,60.0,2,10.0,7.0,0.05,4,5,3,10.0,3,33,60.0,5,3.0,2.0,20,90.0,1,2.999999850000007,3.3333322222225923
221,13,40.0,11,-5.0,55.0,2,15.0,10.0,0.05,49,4,0,100.0,72,44,60.0,50,30.0,20.0,32,23.0,2,1.374999965625001,1.3888888695987658
222,13,40.0,11,-5.0,55.0,2,15.0,10.0,0.05,49,4,0,50.0,72,44,60.0,35,20.0,10.0,58,62.0,2,1.374999965625001,0.6944444347993829
223,13,40.0,11,-5.0,55.0,2,15.0,10.0,0.05,49,4,3,10.0,72,44,60.0,10,5.0,3.0,3,80.0,1,1.374999965625001,0.13888888695987658
224,13,50.0,11,-20.0,45.0,2,8.0,5.0,0.05,49,4,0,100.0,48,92,60.0,45,25.0,20.0,39,50.0,2,0.8999999820000004,2.0833332899305566
225,13,100.0,11,-18.0,40.0,1,6.0,4.0,0.05,49,4,3,50.0,24,92,60.0,30,15.0,10.0,61,65.0,2,0.399999996,2.0833332465277814
226,13,75.0,11,-22.0,50.0,2,9.0,6.0,0.05,49,4,4,20.0,24,18,60.0,50,30.0,20.0,32,40.0,2,0.6666666577777779,0.8333332986111125
227,13,80.0,11,-19.0,42.0,1,7.0,5.0,0.05,49,4,3,10.0,24,18,60.0,20,10.0,5.0,74,75.0,1,0.5249999934375001,0.41666664930555625
228,13,50.0,11,-20.0,45.0,2,8.0,5.0,0.05,49,4,0,100.0,48,92,60.0,45,25.0,20.0,39,50.0,2,0.8999999820000004,2.0833332899305566
229,13,100.0,11,-18.0,40.0,1,6.0,4.0,0.05,49,4,3,50.0,24,92,60.0,30,15.0,10.0,61,65.0,2,0.399999996,2.0833332465277814
230,13,75.0,11,-22.0,50.0,2,9.0,6.0,0.05,49,4,4,20.0,24,18,60.0,50,30.0,20.0,32,40.0,2,0.6666666577777779,0.8333332986111125
231,13,80.0,11,-19.0,42.0,1,7.0,5.0,0.05,49,4,3,10.0,24,18,60.0,20,10.0,5.0,74,75.0,1,0.5249999934375001,0.41666664930555625
232,13,30.0,11,-25.0,50.0,2,10.0,6.0,0.05,49,4,0,100.0,24,50,60.0,50,30.0,20.0,32,40.0,2,1.6666666111111128,4.166666493055563
233,13,20.0,11,-22.0,45.0,2,8.0,5.0,0.05,49,4,4,50.0,24,50,60.0,60,35.0,25.0,19,20.0,2,2.2499998875000053,2.0833332465277814
234,13,15.0,11,-20.0,55.0,2,12.0,8.0,0.05,49,4,3,10.0,24,98,60.0,30,15.0,10.0,58,70.0,2,3.6666664222222387,0.41666664930555625
235,13,15.0,11,-20.0,55.0,2,12.0,8.0,0.05,49,4,0,100.0,24,98,60.0,50,30.0,25.0,2,30.0,2,3.6666664222222387,4.166666493055563
236,13,44.0,11,-22.0,55.0,2,10.0,7.0,0.05,49,4,4,200.0,96,159,60.0,76,35.0,25.0,40,13.0,2,1.2499999715909098,2.083333311631945
237,13,66.0,11,-18.0,50.0,2,8.0,5.0,0.05,11,0,3,100.0,24,113,60.0,40,20.0,15.0,55,50.0,2,0.7575757460973372,4.166666493055563
238,13,66.0,11,-18.0,50.0,2,8.0,5.0,0.05,11,0,3,100.0,24,114,60.0,50,25.0,20.0,52,47.0,2,0.7575757460973372,4.166666493055563
239,13,88.0,11,-25.0,12.0,1,10.0,6.0,0.05,49,4,4,20.0,12,49,60.0,55,40.0,20.0,15,30.0,2,0.13636363481404962,1.6666665277777895
240,13,50.0,11,-22.0,18.0,2,8.0,5.0,0.05,49,4,3,10.0,6,49,60.0,25,10.0,5.0,58,70.0,1,0.35999999280000017,1.666666388888935
241,13,80.0,11,-20.0,22.0,1,7.0,5.0,0.05,49,4,0,25.0,24,1,60.0,50,30.0,20.0,19,40.0,2,0.27499999656250007,1.0416666232638907
242,13,75.0,11,-18.0,25.0,2,6.0,4.0,0.05,49,4,3,10.0,24,175,60.0,20,10.0,5.0,74,75.0,1,0.33333332888888895,0.41666664930555625
243,13,44.0,11,-20.0,55.0,2,10.0,6.0,0.05,49,4,4,200.0,96,93,60.0,76,35.0,25.0,40,13.0,2,1.2499999715909098,2.083333311631945
244,13,30.0,11,-22.0,45.0,2,8.0,5.0,0.05,49,4,4,50.0,24,94,60.0,60,35.0,25.0,19,20.0,2,1.4999999500000016,2.0833332465277814
245,13,50.0,11,-18.0,50.0,2,8.0,5.0,0.05,49,4,3,100.0,24,95,60.0,40,20.0,15.0,55,50.0,2,0.9999999800000005,4.166666493055563
246,13,50.0,11,-18.0,50.0,2,8.0,5.0,0.05,49,4,3,100.0,24,136,60.0,10,5.0,2.0,74,85.0,1,0.9999999800000005,4.166666493055563
247,13,13.0,11,-15.0,50.0,2,10.0,6.0,0.05,49,4,4,25.0,16,22,60.0,55,40.0,20.0,15,30.0,2,3.846153550295881,1.562499902343756
248,13,20.0,11,-22.0,45.0,2,8.0,5.0,0.05,11,16,3,100.0,24,162,60.0,40,20.0,15.0,55,50.0,2,2.2499998875000053,4.166666493055563
249,13,20.0,11,-22.0,45.0,2,8.0,5.0,0.05,11,16,3,100.0,24,114,60.0,50,25.0,20.0,52,47.0,2,2.2499998875000053,4.166666493055563
250,13,20.0,11,-22.0,45.0,2,8.0,5.0,0.05,11,16,3,10.0,24,163,60.0,10,5.0,5.0,58,80.0,1,2.2499998875000053,0.41666664930555625
251,13,29.0,13,-20.0,50.0,2,12.0,8.0,0.05,11,8,4,100.0,24,73,60.0,67,40.0,20.0,32,33.0,2,1.7241378715814526,4.166666493055563
252,13,50.0,11,-22.0,45.0,2,8.0,5.0,0.05,49,4,4,100.0,24,6,60.0,60,35.0,25.0,19,20.0,2,0.8999999820000004,4.166666493055563
253,13,50.0,11,-22.0,45.0,2,8.0,5.0,0.05,49,4,0,30.0,24,6,60.0,40,20.0,15.0,55,50.0,2,0.8999999820000004,1.2499999479166688
254,13,50.0,11,-22.0,45.0,2,8.0,5.0,0.05,49,4,3,10.0,24,7,60.0,10,5.0,5.0,58,80.0,1,0.8999999820000004,0.41666664930555625
255,13,20.0,11,-18.0,45.0,2,10.0,6.0,0.05,11,18,4,72.0,72,0,60.0,65,45.0,20.0,23,35.0,2,2.2499998875000053,0.9999999861111113
256,13,20.0,11,-18.0,45.0,2,10.0,6.0,0.05,11,18,4,72.0,72,172,60.0,70,50.0,25.0,57,30.0,2,2.2499998875000053,0.9999999861111113
257,13,50.0,11,-22.0,45.0,2,8.0,5.0,0.05,49,4,4,100.0,24,47,60.0,60,35.0,25.0,19,20.0,2,0.8999999820000004,4.166666493055563
258,13,50.0,11,-22.0,45.0,2,8.0,5.0,0.05,49,4,0,30.0,24,47,60.0,40,20.0,15.0,55,50.0,2,0.8999999820000004,1.2499999479166688
259,13,20.0,11,-22.0,45.0,2,10.0,6.0,0.05,49,4,4,100.0,24,6,60.0,67,40.0,20.0,32,33.0,2,2.2499998875000053,4.166666493055563
260,13,50.0,11,-18.0,50.0,2,8.0,5.0,0.05,11,7,3,100.0,24,39,60.0,40,20.0,15.0,55,50.0,2,0.9999999800000005,4.166666493055563
261,13,50.0,11,-18.0,50.0,2,8.0,5.0,0.05,11,7,3,100.0,24,5,60.0,50,25.0,20.0,52,47.0,2,0.9999999800000005,4.166666493055563
262,13,32.0,3,-25.0,50.0,2,10.0,7.0,0.05,49,4,0,100.0,24,76,60.0,67,40.0,20.0,32,33.0,2,1.5624999511718767,4.166666493055563
263,13,23.0,3,-28.0,55.0,2,12.0,8.0,0.05,11,2,4,100.0,24,76,60.0,70,45.0,25.0,19,30.0,2,2.391304243856337,4.166666493055563
264,13,50.0,11,-22.0,45.0,2,8.0,5.0,0.05,49,4,4,100.0,24,58,60.0,60,35.0,25.0,19,20.0,2,0.8999999820000004,4.166666493055563
265,13,50.0,11,-22.0,45.0,2,8.0,5.0,0.05,49,4,0,30.0,24,58,60.0,40,20.0,15.0,55,50.0,2,0.8999999820000004,1.2499999479166688
266,13,100.0,11,-25.0,50.0,2,10.0,6.0,0.05,49,4,4,25.0,24,166,60.0,55,40.0,20.0,15,30.0,2,0.4999999950000001,1.0416666232638907
267,13,130.0,11,-22.0,48.0,2,8.0,5.0,0.05,49,4,4,12.0,24,64,60.0,60,35.0,25.0,11,20.0,2,0.3692307663905326,0.4999999791666675
268,13,100.0,11,-20.0,50.0,2,9.0,6.0,0.05,49,4,0,6.0,24,35,60.0,40,20.0,15.0,39,50.0,2,0.4999999950000001,0.24999998958333375
269,13,130.0,11,-18.0,45.0,2,8.0,5.0,0.05,49,4,3,6.0,24,68,60.0,45,25.0,20.0,36,45.0,2,0.34615384349112427,0.24999998958333375
270,13,86.0,10,-15.0,25.0,1,10.0,6.0,0.05,49,4,4,50.0,24,90,60.0,52,40.0,20.0,2,48.0,2,0.29069767103839916,2.0833332465277814
271,13,47.0,10,-14.0,32.0,1,9.0,5.0,0.05,49,4,4,50.0,24,157,60.0,65,45.0,20.0,19,35.0,2,0.6808510493435947,2.0833332465277814
272,13,18.0,10,-15.0,17.0,2,7.0,4.0,0.05,49,4,0,25.0,24,157,60.0,40,20.0,15.0,39,50.0,2,0.9444443919753115,1.0416666232638907
273,13,30.0,11,-20.0,45.0,2,9.0,6.0,0.05,49,4,4,20.0,24,6,60.0,55,35.0,15.0,32,40.0,2,1.4999999500000016,0.8333332986111125
274,13,90.0,11,-18.0,40.0,2,8.0,5.0,0.05,49,4,0,50.0,24,37,60.0,60,40.0,20.0,2,30.0,2,0.4444444395061729,2.0833332465277814
275,13,90.0,11,-16.0,38.0,2,7.0,4.0,0.05,49,4,3,25.0,24,37,60.0,35,20.0,10.0,39,50.0,2,0.42222221753086425,1.0416666232638907
276,13,32.0,11,-25.0,50.0,2,10.0,6.0,0.05,49,4,4,14.0,6,138,60.0,52,40.0,20.0,2,48.0,2,1.5624999511718767,2.3333329444445092
277,13,50.0,11,-20.0,45.0,2,9.0,5.0,0.05,49,4,4,50.0,24,177,60.0,65,45.0,20.0,19,35.0,2,0.8999999820000004,2.0833332465277814
278,13,18.0,11,-18.0,40.0,2,7.0,4.0,0.05,49,4,0,25.0,24,177,60.0,40,20.0,15.0,39,50.0,2,2.222222098765439,1.0416666232638907
279,13,19.0,3,-22.0,50.0,2,10.0,6.0,0.05,11,13,4,36.0,72,72,60.0,67,40.0,20.0,39,33.0,2,2.631578808864273,0.49999999305555565
280,13,19.0,3,-22.0,50.0,2,10.0,6.0,0.05,11,13,4,30.0,72,109,60.0,60,45.0,20.0,42,35.0,2,2.631578808864273,0.4166666608796297
281,13,100.0,9,-18.0,40.0,1,8.0,5.0,0.05,49,4,3,1.0,2016,116,60.0,5,2.0,1.0,20,98.0,1,0.399999996,0.0004960317457856985
282,13,50.0,11,-17.8,93.6,2,10.0,6.0,0.05,49,4,4,100.0,24,102,60.0,67,40.0,20.0,39,33.0,2,1.8719999625600008,4.166666493055563
283,13,19.0,11,-22.0,50.0,2,10.0,6.0,0.05,49,4,4,50.0,72,4,60.0,60,45.0,20.0,42,35.0,2,2.631578808864273,0.6944444347993829
284,13,100.0,9,-18.0,40.0,1,8.0,5.0,0.05,49,4,3,1.0,2016,154,60.0,5,2.0,1.0,20,98.0,1,0.399999996,0.0004960317457856985
285,13,20.0,11,-22.0,50.0,2,8.0,5.0,0.05,40,17,4,10.0,24,109,60.0,65,42.0,18.0,2,50.0,2,2.499999875000006,0.41666664930555625
286,13,50.0,11,-18.0,40.0,2,10.0,6.0,0.05,49,4,4,50.0,24,31,60.0,55,35.0,15.0,19,60.0,2,0.7999999840000004,2.0833332465277814
287,13,45.0,11,-16.0,38.0,2,7.0,4.0,0.05,36,14,3,30.0,24,120,60.0,20,15.0,8.0,74,85.0,1,0.8444444256790128,1.2499999479166688
288,13,6.0,11,-20.0,50.0,2,5.0,3.0,0.1,49,4,0,50.0,24,28,60.0,30,40.0,15.0,52,60.0,2,8.333331944444677,2.0833332465277814
289,13,8.0,11,-18.0,55.0,2,6.0,4.0,0.2,49,4,0,70.0,24,121,60.0,40,55.0,20.0,41,50.0,2,6.874999140625108,2.916666545138894
290,13,80.0,7,-16.5,75.3,2,12.0,7.0,0.02,49,4,0,30.0,24,123,60.0,50,35.0,15.0,36,40.0,2,0.9412499882343751,1.2499999479166688
291,13,10.0,11,-19.0,85.2,2,14.0,8.0,0.01,38,15,4,25.0,48,43,60.0,55,45.0,20.0,26,30.0,2,8.519999148000085,0.5208333224826391
292,13,90.0,9,-14.0,60.0,1,9.0,5.0,0.02,49,4,3,1.0,168,118,60.0,10,5.0,3.0,12,95.0,1,0.6666666592592594,0.005952380916950114
293,13,76.0,6,-11.2,-10.0,2,10.0,6.0,0.05,49,4,0,5.0,24,91,60.0,40,30.0,10.0,36,60.0,2,-0.13157894563711914,0.20833332465277812
294,13,50.0,11,-17.8,93.6,2,12.0,7.0,0.02,49,4,4,100.0,24,155,60.0,67,40.0,20.0,39,33.0,2,1.8719999625600008,4.166666493055563
295,13,100.0,9,-18.0,40.0,1,8.0,5.0,0.02,49,4,3,1.0,2016,130,60.0,5,2.0,1.0,20,98.0,1,0.399999996,0.0004960317457856985
296,13,20.0,11,-22.5,65.4,2,9.5,5.8,0.05,49,4,4,40.0,24,141,60.0,55,40.0,25.0,26,35.0,2,3.2699998365000083,1.666666597222225
297,13,100.0,9,-18.0,40.0,1,8.0,5.0,0.05,49,4,3,1.0,336,139,60.0,5,2.0,1.0,18,98.0,1,0.399999996,0.0029761904673327663
298,13,50.0,11,-19.0,55.0,2,10.0,6.0,0.05,24,4,0,100.0,24,41,60.0,65,45.0,20.0,19,30.0,2,1.0999999780000005,4.166666493055563
299,13,10.0,11,-21.0,85.3,2,11.0,6.0,0.05,49,4,4,10.0,24,21,60.0,67,40.0,20.0,39,33.0,2,8.529999147000085,0.41666664930555625
300,13,22.5,11,14.4,60.0,2,10.0,6.0,0.02,49,4,4,20.0,24,23,60.0,60,45.0,20.0,32,35.0,2,2.6666665481481533,0.8333332986111125
301,13,100.0,9,-18.0,40.0,1,8.0,5.0,0.02,49,4,3,1.0,168,24,60.0,10,5.0,3.0,12,95.0,1,0.399999996,0.005952380916950114
302,13,50.0,11,-11.5,93.6,2,12.0,7.0,0.02,49,4,4,2.5,24,124,60.0,55,40.0,20.0,39,33.0,2,1.8719999625600008,0.10416666232638906
303,13,50.0,11,-11.5,85.3,2,11.0,6.0,0.05,49,4,4,3.0,120,152,60.0,67,40.0,20.0,39,33.0,2,1.7059999658800007,0.024999999791666668
304,13,20.0,11,-15.0,100.0,2,10.0,5.0,0.02,49,4,3,1.0,72,149,60.0,30,20.0,10.0,58,65.0,2,4.999999750000012,0.013888888695987657
305,13,30.0,11,-12.0,85.3,2,11.0,6.0,0.05,49,4,4,20.0,12,77,60.0,60,40.0,20.0,9,43.0,2,2.8433332385555583,1.6666665277777895
306,13,70.0,11,-15.0,90.0,2,12.0,7.0,0.02,49,4,4,50.0,48,53,60.0,65,45.0,20.0,32,30.0,2,1.285714267346939,1.0416666449652783
307,13,100.0,9,-18.0,40.0,1,8.0,5.0,0.02,49,4,3,1.0,336,53,60.0,10,5.0,3.0,12,95.0,1,0.399999996,0.0029761904673327663
